Workbook

Sheet TONG_HOP
A1: Các ngày nghỉ trong năm
A2: 46102 | B2: 46139 | D2: 46142 | E2: 46143 | F2: 46144 | G2: 46195 | H2: 46196 | I2: 46197
A3: Ngày báo cáo | B3: =+NOW() -> 46101.773
A5: Chuyền | B5: Mã hàng | C5: GHEP | D5: SỐ LƯỢNG KẾ HOẠCH | E5: Tổng nhập 188 | F5: Ngày chốt 188 | G5: Số ngày còn lại | H5: Năng suất mỗi ngày | I5: Năng suất KH | J5: Tình trạng | K5: Cảnh báo
A6: C10 | B6: 69401 | C6: =CONCATENATE(A6," ",B6) -> C10 69401 | D6: 8000 | E6: =SUMIF(DATA_NHAP!D:D,C6,DATA_NHAP!E:E) -> 550 | F6: 46114 | G6: =NETWORKDAYS.INTL($B$3,F6,11,$A$2:$I$2) -> 11 | H6: =+(D6-E6)/G6 -> 677.27273 | I6: 500 | J6: =IFERROR(IF(I6/H6<0.95,"TRỄ HẸN","OK"),"OK") -> TRỄ HẸN | K6: =+IFERROR(I6/H6,1) -> 0.73825503
A7: C11 | B7: 70294 | C7: =CONCATENATE(A7," ",B7) -> C11 70294 | D7: 2000 | E7: =SUMIF(DATA_NHAP!D:D,C7,DATA_NHAP!E:E) -> 200 | F7: 46109 | G7: =NETWORKDAYS.INTL($B$3,F7,11,$A$2:$I$2) -> 7 | H7: =+(D7-E7)/G7 -> 257.14286 | I7: 200 | J7: =IFERROR(IF(I7/H7<0.95,"TRỄ HẸN","OK"),"OK") -> TRỄ HẸN | K7: =+IFERROR(I7/H7,1) -> 0.77777778
J8: =IFERROR(IF(I8/H8<0.95,"TRỄ HẸN","OK"),"OK") -> OK | K8: =+IFERROR(I8/H8,1) -> 1
J9: =IFERROR(IF(I9/H9<0.95,"TRỄ HẸN","OK"),"OK") -> OK | K9: =+IFERROR(I9/H9,1) -> 1
J10: =IFERROR(IF(I10/H10<0.95,"TRỄ HẸN","OK"),"OK") -> OK | K10: =+IFERROR(I10/H10,1) -> 1
J11: =IFERROR(IF(I11/H11<0.95,"TRỄ HẸN","OK"),"OK") -> OK | K11: =+IFERROR(I11/H11,1) -> 1

Sheet DATA_NHAP
A1: Ngay | B1: Chuyen | C1: Ma_hang | D1: GHEP | E1: Thuc_te | F1: Ke_hoach | G1: Ti_le_% | H1: CODE nguyên nhân | I1: BP chịu trách | J1: Hành động xử lý | K1: Tình trạng
A2: 46098 | B2: C10 | C2: 69401 | D2: =CONCATENATE(B2," ",C2) -> C10 69401 | E2: 200 | F2: =+VLOOKUP(D2,TONG_HOP!$C$5:$K$11,7,0) -> 500 | G2: =+IFERROR(E2/F2,0) -> 0.4 | H2: NPL01 | I2: =IFERROR(VLOOKUP(H2,'CODE NN'!$B$1:$D$17,3,0),"OK") -> CBSX | J2: Cấp bổ sung | K2: Đã xong
A3: 46099 | B3: C10 | C3: 69401 | D3: =CONCATENATE(B3," ",C3) -> C10 69401 | E3: 200 | F3: =+VLOOKUP(D3,TONG_HOP!$C$5:$K$11,7,0) -> 500 | G3: =+IFERROR(E3/F3,0) -> 0.4 | H3: CN02 | I3: =IFERROR(VLOOKUP(H3,'CODE NN'!$B$1:$D$17,3,0),"OK") -> CHUYỀN SẢN XUẤT | J3: Mượn người từ chuyền 14 | K3: Đang xử lý
A4: 46100 | B4: C10 | C4: 69401 | D4: =CONCATENATE(B4," ",C4) -> C10 69401 | E4: 150 | F4: =+VLOOKUP(D4,TONG_HOP!$C$5:$K$11,7,0) -> 500 | G4: =+IFERROR(E4/F4,0) -> 0.3 | H4: BT03 | I4: =IFERROR(VLOOKUP(H4,'CODE NN'!$B$1:$D$17,3,0),"OK") -> BẢO TOÀN | J4: Thay máy | K4: Đã xong
A5: 46098 | B5: C11 | C5: 70294 | D5: =CONCATENATE(B5," ",C5) -> C11 70294 | E5: 0 | F5: =+VLOOKUP(D5,TONG_HOP!$C$5:$K$11,7,0) -> 200 | G5: =+IFERROR(E5/F5,0) -> 0 | H5: IE02 | I5: =IFERROR(VLOOKUP(H5,'CODE NN'!$B$1:$D$17,3,0),"OK") -> KỸ THUẬT | J5: Chuyển BP là xử lý | K5: Đã xong
A6: 46099 | B6: C11 | C6: 70294 | D6: =CONCATENATE(B6," ",C6) -> C11 70294 | E6: 200 | F6: =+VLOOKUP(D6,TONG_HOP!$C$5:$K$11,7,0) -> 200 | G6: =+IFERROR(E6/F6,0) -> 1 | H6: CL03 | I6: =IFERROR(VLOOKUP(H6,'CODE NN'!$B$1:$D$17,3,0),"OK") -> CHẤT LƯỢNG | J6: tăng 2 QC khác | K6: Đang xử lý

Sheet CODE NN
A1: 5M | B1: Code | C1: Nguyên nhân | D1: Bộ phận chịu trách nhiệm xử lý
A2: NGUYÊN PHỤ LIỆU | B2: NPL01 | C2: thiếu NPL | D2: CBSX
A3: NGUYÊN PHỤ LIỆU | B3: NPL02 | C3: NPL lỗi | D3: CBSX
A4: NGUYÊN PHỤ LIỆU | B4: NPL03 | C4: NPL giao muộn | D4: CBSX
A5: NGUYÊN PHỤ LIỆU | B5: NPL04 | C5: bán thành phẩm chưa cấp | D5: CBSX
A6: NHÂN LỰC | B6: CN01 | C6: công nhân nghỉ | D6: CHUYỀN SẢN XUẤT
A7: NHÂN LỰC | B7: CN02 | C7: công nhân mới | D7: CHUYỀN SẢN XUẤT
A8: NHÂN LỰC | B8: CN03 | C8: tay nghề chưa đạt | D8: CHUYỀN SẢN XUẤT
A9: MÁY MÓC | B9: BT01 | C9: chờ sửa máy | D9: BẢO TOÀN
A10: MÁY MÓC | B10: BT02 | C10: thiếu máy | D10: BẢO TOÀN
A11: MÁY MÓC | B11: BT03 | C11: máy hỏng nghiêm trọng | D11: BẢO TOÀN
A12: IE/KỸ THUẬT | B12: IE01 | C12: line chưa cân | D12: KỸ THUẬT
... A17: CHẤT LƯỢNG | B17: CL03 | C17: QC tồn hàng | D17: CHẤT LƯỢNG
